Date,Price,Open,High,Low,Vol.,Change %
02/22/2024,91.6,91.1,91.6,90.9,180.10K,0.55%
02/21/2024,91.1,91,91.4,90.6,255.22K,0.11%
02/20/2024,91,91.1,91.5,90.3,128.71K,0.00%
02/19/2024,91,90,91.5,89.6,434.43K,1.22%
02/16/2024,89.9,89,90,89,169.15K,0.45%
02/15/2024,89.5,88.6,89.5,88.4,1.20M,1.02%
02/14/2024,88.6,89,89,88.5,25.95K,-1.01%
02/13/2024,89.5,89.9,89.9,88.8,803.45K,0.00%
02/12/2024,89.5,89.7,89.9,89.3,47.95K,0.00%
02/09/2024,89.5,89.5,89.5,88.8,154.75K,0.00%
02/08/2024,89.5,89,89.7,88.9,106.11K,0.56%
02/07/2024,89,88,89,88,98.73K,1.48%
02/06/2024,87.7,88.5,88.5,87.5,485.25K,-0.34%
02/02/2024,88,89,89,87.9,93.54K,-1.12%
02/01/2024,89,87,89,86.1,572.07K,2.18%
01/31/2024,87.1,86.7,87.1,86,70.96K,0.00%
01/30/2024,87.1,88.4,88.4,87,45.56K,-1.02%
01/29/2024,88,87.5,88.7,87.4,69.14K,0.23%
01/26/2024,87.8,87.9,88,87.7,225.11K,0.11%
01/24/2024,87.7,87.8,88,87.5,82.34K,0.00%
01/23/2024,87.7,88.5,88.5,87.5,4.76K,-0.11%
01/22/2024,87.8,89.3,89.3,87.5,268.52K,-1.90%
01/19/2024,89.5,88,89.8,88,29.06K,0.90%
01/18/2024,88.7,89.1,89.8,88,34.07K,-1.44%
01/17/2024,90,91.3,91.3,90,77.54K,-1.10%
01/16/2024,91,91.4,91.5,90.6,365.11K,-0.55%
01/12/2024,91.5,92.1,92.4,91.2,150.62K,-0.33%
01/11/2024,91.8,93.3,93.3,91.8,526.80K,-1.61%
01/10/2024,93.3,94.3,94.7,93,132.18K,-0.85%
01/09/2024,94.1,95,95,94,19.42K,-0.95%
01/08/2024,95,95.2,95.5,94,351.58K,-1.04%
01/05/2024,96,96.2,96.2,95,238.33K,0.42%
01/04/2024,95.6,96,96,95.2,377.34K,-0.42%
01/03/2024,96,96,97.5,95.7,218.63K,-0.83%
01/02/2024,96.8,95.5,98,94.5,120.59K,1.36%
12/29/2023,95.5,94.5,95.6,94.5,383.94K,1.06%
12/28/2023,94.5,93.1,94.5,92.9,645.80K,1.50%
12/27/2023,93.1,92.4,94,91.7,78.87K,0.11%
12/22/2023,93,92.8,93.5,92.6,120.09K,0.00%
12/21/2023,93,93.7,94.2,93,82.58K,-0.75%
12/20/2023,93.7,93.6,94,93.4,118.87K,0.00%
12/19/2023,93.7,93.4,94.1,93.4,290.80K,-0.32%
12/18/2023,94,93.5,94.1,93.4,491.47K,0.00%
12/15/2023,94,93.9,94.5,93,304.92K,0.21%
12/14/2023,93.8,94,94.9,93,96.11K,-0.64%
12/13/2023,94.4,95.4,95.4,93.1,273.41K,-0.74%
12/12/2023,95.1,94.8,95.1,94.3,362.55K,0.63%
12/11/2023,94.5,94,94.5,93.7,350.02K,0.53%
12/08/2023,94,92,94,92,235.42K,2.96%
12/07/2023,91.3,90,92,90,207.03K,1.44%
12/06/2023,90,90,90.4,89.5,220.57K,0.00%
12/05/2023,90,91,91.5,89.1,212.11K,-1.10%
12/04/2023,91,90.8,92.5,90.2,92.56K,1.11%
12/01/2023,90,87.9,90.1,87.9,355.31K,3.45%
11/30/2023,87,86,88,86,279.19K,1.40%
11/29/2023,85.8,85.5,86,85.3,274.89K,0.35%
11/28/2023,85.5,85.4,85.5,84.5,67.10K,0.00%
11/27/2023,85.5,85,85.5,85,300.51K,0.59%
11/24/2023,85,85.5,86,84.5,120.31K,0.00%
11/23/2023,85,85.2,85.5,84,212.76K,1.80%
11/22/2023,83.5,82.7,85,82.7,415.56K,-0.60%
11/21/2023,84,83.4,84.5,83,252.34K,1.33%
11/20/2023,82.9,85,85,82.9,142.71K,-2.47%
11/17/2023,85,85.5,85.5,83.8,253.39K,0.59%
11/16/2023,84.5,84.5,85.9,82.5,97.82K,-0.59%
11/15/2023,85,86.5,86.5,83,48.85K,-1.16%
11/14/2023,86,87.4,87.7,85,67.95K,-1.04%
11/13/2023,86.9,86.2,87.5,85.5,85.24K,1.28%
11/10/2023,85.8,86.7,87,85.5,835.45K,-0.81%
11/09/2023,86.5,88,88,86,709.20K,-0.57%
11/08/2023,87,85,88.9,85,440.09K,2.35%
11/07/2023,85,84.9,86,84,202.30K,0.00%
11/06/2023,85,84.4,85.9,83.9,40.55K,1.19%
11/03/2023,84,84.9,85.4,84,70.64K,-0.36%
11/02/2023,84.3,83.5,86,83.5,304.89K,0.36%
11/01/2023,84,83.3,84.2,82.5,70.04K,2.31%
10/31/2023,82.1,82.5,83.2,81.6,44.77K,-1.08%
10/30/2023,83,83.5,83.5,82,27.14K,0.00%
10/27/2023,83,81.5,83.9,81,140.89K,1.22%
10/26/2023,82,82.5,84,81,44.13K,-0.85%
10/25/2023,82.7,84.9,84.9,82.6,7.10K,-2.71%
10/24/2023,85,87.3,87.5,84.5,53.45K,-2.19%
10/23/2023,86.9,86.8,88.8,86.5,266.26K,-0.11%
10/20/2023,87,81.7,87.3,81.7,162.19K,6.10%
10/19/2023,82,80.1,82.5,80,271.91K,1.86%
10/18/2023,80.5,80,80.8,80,186.43K,-0.25%
10/17/2023,80.7,80.3,82.9,80.3,249.13K,0.50%
10/16/2023,80.3,84,84,80.3,291.61K,-4.40%
10/13/2023,84,84.5,85,84,47.24K,0.00%
10/12/2023,84,83.5,85,82.6,63.82K,0.60%
10/11/2023,83.5,84.9,85.9,83,270.14K,-1.65%
10/10/2023,84.9,85,86.9,84,252.89K,-0.12%
10/09/2023,85,86.3,87,83.5,341.68K,-1.51%
10/06/2023,86.3,88,88,86.1,24.33K,-1.37%
10/05/2023,87.5,87.8,88.8,86.5,69.60K,-0.34%
10/04/2023,87.8,87.1,87.8,86.1,96.82K,0.69%
10/03/2023,87.2,88,89.9,87.2,59.18K,-1.80%
10/02/2023,88.8,90,90,87.8,100.35K,-1.55%
09/27/2023,90.2,89,91.1,88.9,141.20K,1.58%
09/26/2023,88.8,88.5,89,87.8,135.26K,0.91%
09/25/2023,88,89.5,90,88,45.41K,-1.12%
09/22/2023,89,88,90.2,87.6,66.03K,0.11%
09/21/2023,88.9,89.9,89.9,87.6,52.48K,-0.11%
09/20/2023,89,88.5,89.5,88,643.82K,1.14%
09/19/2023,88,90,90,87,197.49K,-2.22%
09/18/2023,90,92.5,92.5,89.5,183.64K,-1.64%
09/15/2023,91.5,93,93,91,130.68K,-0.87%
09/14/2023,92.3,91,93,91,73.64K,1.43%
09/13/2023,91,91,92,90.1,547.37K,1.00%
09/12/2023,90.1,92,92,90,189.70K,-1.96%
09/11/2023,91.9,92.8,92.9,90.4,61.36K,-0.97%
09/08/2023,92.8,92.1,93,92.1,132.26K,0.32%
09/07/2023,92.5,93,93,90.1,135.45K,0.54%
09/06/2023,92,95,95.4,92,283.19K,-3.26%
09/05/2023,95.1,93.5,96,93.3,1.45M,1.93%
09/04/2023,93.3,90,93.9,89.9,583.70K,3.67%
09/01/2023,90,86.5,90,86.5,277.33K,4.05%
08/31/2023,86.5,87.4,87.9,86.5,47.45K,-0.69%
08/29/2023,87.1,87,87.1,86.4,200.70K,0.11%
08/28/2023,87,87.3,87.5,86.5,844.34K,1.16%
08/25/2023,86,89.6,89.6,80,294.31K,-3.91%
08/24/2023,89.5,93.5,93.5,89.5,423.96K,-4.38%
08/23/2023,93.6,90,94,89.5,1.71M,4.00%
08/22/2023,90,91.1,91.4,89.3,383.29K,-1.53%
08/21/2023,91.4,93.5,95,91.4,713.07K,-2.25%
08/18/2023,93.5,96,96,93.1,258.05K,-2.81%
08/17/2023,96.2,97.3,97.3,95,378.22K,-0.52%
08/16/2023,96.7,93,97,92.5,1.96M,3.98%
08/15/2023,93,95,96.9,92.6,347.08K,-4.12%
08/14/2023,97,102,102,95,424.24K,-6.28%
08/11/2023,103.5,105.5,105.5,102.25,189.38K,-1.19%
08/10/2023,104.75,105,107.5,104.5,511.69K,0.72%
08/09/2023,104,105,105,103.25,459.28K,-1.89%
08/08/2023,106,103.5,106.75,101,1.73M,1.92%
08/07/2023,104,100,105,99,1.49M,2.97%
08/04/2023,101,100,101.75,100,1.63M,2.02%
08/03/2023,99,96,100.75,95.9,2.88M,3.56%
08/02/2023,95.6,93,97,92.1,1.66M,2.25%
07/31/2023,93.5,93,93.6,92,451.75K,0.97%
07/28/2023,92.6,92.6,94.2,92,806.60K,0.22%
07/27/2023,92.4,87.6,93,87.6,940.61K,4.17%
07/26/2023,88.7,88.7,89.4,88,262.16K,0.45%
07/25/2023,88.3,88.2,89.7,87.6,1.04M,-0.23%
07/24/2023,88.5,87.6,90.6,87.6,973.67K,0.57%
07/21/2023,88,88,89,87.5,308.23K,0.00%
07/20/2023,88,88,89.1,87.5,671.28K,-1.68%
07/19/2023,89.5,87,89.7,85.7,1.30M,2.76%
07/18/2023,87.1,85,87.5,84.7,1.56M,2.96%
07/17/2023,84.6,80.5,86,80.4,2.53M,5.09%
07/14/2023,80.5,80,81,79,302.12K,1.90%
07/13/2023,79,81,81,78,874.79K,-1.86%
07/12/2023,80.5,77.4,80.9,77.4,1.16M,3.87%
07/11/2023,77.5,78.7,78.7,77.5,170.85K,-0.64%
07/10/2023,78,79.5,79.8,78,217.19K,-1.89%
07/07/2023,79.5,79.5,80,78.1,395.79K,-0.50%
07/06/2023,79.9,81.3,81.5,78,604.13K,-1.36%
07/05/2023,81,83,83,80.1,4.74M,0.12%
07/04/2023,80.9,75.5,81.7,75.5,7.95M,19.85%
06/28/2023,67.5,67.5,69.5,66,616.58K,0.00%
06/27/2023,67.5,68.5,69,67.1,369.89K,-2.88%
06/26/2023,69.5,66,69.9,63.1,1.16M,5.30%
06/23/2023,66,66,67.8,66,458.08K,-0.15%
06/22/2023,66.1,66.4,67,66,187.84K,-0.30%
06/21/2023,66.3,64.9,66.5,64.1,1.30M,2.16%
06/20/2023,64.9,64,65,63.5,112.61K,0.46%
06/19/2023,64.6,64,65,64,197.23K,-1.22%
06/16/2023,65.4,66,67.8,65,104.66K,-0.91%
06/15/2023,66,67,67,64,519.90K,-1.49%
06/14/2023,67,61.1,67,61,165.04K,9.84%
06/13/2023,61,61.8,61.9,60.3,73.48K,-1.29%
06/12/2023,61.8,59.1,61.9,59.1,93.11K,6.37%
06/09/2023,58.1,58.1,60.3,58.1,95.85K,-0.68%
06/08/2023,58.5,57.2,59,57.2,13.04K,2.09%
06/07/2023,57.3,58.1,58.6,56.7,5.10K,-0.35%
06/06/2023,57.5,58,58.1,57.3,219.53K,-1.03%
06/05/2023,58.1,58.8,59,57,27.75K,-1.19%
06/02/2023,58.8,57.3,59,57.3,51.20K,3.16%
06/01/2023,57,56.7,58.7,56.7,83.04K,0.53%
05/31/2023,56.7,58,58,56.6,4.44K,-0.35%
05/30/2023,56.9,57.3,57.3,56.6,14.36K,-0.70%
05/29/2023,57.3,59,59,57,27.59K,-3.70%
05/26/2023,59.5,56.2,59.5,56,90.92K,1.88%
05/25/2023,58.4,58.5,58.5,57,149.25K,-0.68%
05/24/2023,58.8,55.5,58.9,55.5,174.05K,1.38%
05/23/2023,58,57,58,55,124.02K,5.45%
05/22/2023,55,57,57,55,278.30K,-2.65%
05/19/2023,56.5,57,57,55.2,234.67K,-2.59%
05/18/2023,58,57.6,58,56.5,276.17K,0.87%
05/17/2023,57.5,58,58.4,56.1,317.00K,-1.03%
05/16/2023,58.1,58,59,57,1.39M,-1.53%
05/15/2023,59,58.4,59.9,58,244.46K,-1.67%
05/12/2023,60,60.2,60.2,59,194.82K,-0.33%
05/11/2023,60.2,57.5,61.6,56,391.61K,5.06%
05/10/2023,57.3,57,57.3,56,17.84K,-0.17%
05/09/2023,57.4,57,58,56.6,108.62K,-0.69%
05/08/2023,57.8,53.8,57.8,53.8,70.48K,7.04%
05/04/2023,54,53,56,53,117.57K,0.19%
05/03/2023,53.9,54,54.2,52.1,32.46K,0.75%
05/02/2023,53.5,56,56.1,53.5,122.31K,-5.48%
04/28/2023,56.6,57,57,56.5,80.22K,-0.70%
04/27/2023,57,58,58,56.7,32.34K,-2.56%
04/26/2023,58.5,57.8,58.9,57.6,136.03K,-0.51%
04/25/2023,58.8,58,59.4,57.8,66.47K,1.38%
04/24/2023,58,60,60,58,69.08K,-3.49%
04/21/2023,60.1,60.1,60.4,59,201.43K,0.00%
04/20/2023,60.1,60,60.5,60,100.91K,-0.17%
04/19/2023,60.2,61,61,60,35.85K,-3.37%
04/18/2023,62.3,64,64,60,57.96K,-1.11%
04/17/2023,63,64,64,62.5,14.52K,0.00%
04/12/2023,63,63.5,64,62,37.02K,0.00%
04/11/2023,63,62.5,63.3,62,83.42K,0.80%
04/10/2023,62.5,62,63.8,60.5,7.98K,-0.48%
04/06/2023,62.8,62,63,60.5,57.39K,0.96%
04/04/2023,62.2,62,62.9,60.4,37.56K,-1.11%
04/03/2023,62.9,63.1,63.1,60.3,104.59K,-0.16%
03/31/2023,63,63.6,65,62.5,82.42K,1.53%
03/30/2023,62.05,63.65,63.65,61.86,40.56K,-2.67%
03/29/2023,63.75,62.33,63.75,61.67,49.93K,3.21%
03/28/2023,61.77,63.28,64.69,61.67,203.42K,-0.46%
03/27/2023,62.05,63.28,63.28,61.58,285.12K,-0.61%
03/24/2023,62.43,61.39,64.22,61.39,123.04K,1.69%
03/23/2023,61.39,63.28,63.28,60.44,848.77K,-2.99%
03/22/2023,63.28,64.69,65.07,63.28,13.19K,-1.47%
03/21/2023,64.22,66.11,66.11,64.22,46.22K,-2.86%
03/20/2023,66.11,65.92,67.53,64.69,194.61K,-0.57%
03/17/2023,66.49,63.28,67.05,63.28,401.96K,3.53%
03/16/2023,64.22,64.79,65.17,63.37,16.25K,1.49%
03/15/2023,63.28,62.33,65.17,62.33,173.60K,1.52%
03/14/2023,62.33,63.09,63.75,61.86,139.06K,-1.49%
03/13/2023,63.28,63.28,63.84,60.92,194.67K,-1.18%
03/10/2023,64.03,65.17,65.17,62.33,69.84K,-3.00%
03/09/2023,66.02,67.05,67.05,64.98,88.79K,-1.55%
03/08/2023,67.05,67.9,67.9,65.26,368.06K,1.28%
03/07/2023,66.2,66.11,67.43,65.35,750.02K,1.89%
03/03/2023,64.98,64.22,66.49,64.22,613.09K,2.69%
03/02/2023,63.28,62.24,63.28,61.29,2.37M,3.08%
03/01/2023,61.39,61.29,61.86,61.1,157.37K,0.00%
02/28/2023,61.39,61.39,62.33,61.29,366.22K,-1.96%
02/27/2023,62.62,65.07,65.07,59.97,371.72K,0.30%
02/24/2023,62.43,62.33,65.17,61.86,603.64K,0.92%
02/23/2023,61.86,60.44,62.33,60.35,144.29K,0.77%
02/22/2023,61.39,61.39,65.17,60.44,100.92K,-1.52%
02/21/2023,62.33,61.39,62.33,59.5,354.40K,1.23%
02/20/2023,61.58,59.22,66.11,59.22,340.99K,3.99%
02/17/2023,59.22,58.55,60.44,58.08,446.69K,2.79%
02/16/2023,57.61,55.72,58.55,54.78,36.96K,4.81%
02/15/2023,54.97,55.72,57.04,54.78,9.03K,-1.36%
02/14/2023,55.72,56.67,58.18,54.78,34.61K,-1.67%
02/13/2023,56.67,58.18,58.55,55.82,21.76K,-3.23%
02/10/2023,58.55,58.46,58.55,57.14,44.09K,0.16%
02/09/2023,58.46,57.7,58.55,56.67,35.07K,0.49%
02/08/2023,58.18,58.18,58.55,55.82,36.21K,-0.65%
02/07/2023,58.55,58.55,59.5,55.72,65.84K,0.00%
02/06/2023,58.55,61.29,61.39,56.67,108.97K,-4.32%
02/03/2023,61.2,58.55,61.39,58.55,259.76K,6.23%
02/02/2023,57.61,55.72,58.08,55.72,363.61K,1.16%
02/01/2023,56.95,53.64,57.14,53.27,176.74K,6.16%
01/31/2023,53.64,52.42,54.4,52.42,46.80K,1.79%
01/30/2023,52.7,51,53.64,51,35.25K,-2.96%
01/27/2023,54.3,52.79,54.49,51.94,106.17K,2.86%
01/26/2023,52.79,52.42,52.89,52.04,23.90K,1.64%
01/25/2023,51.94,52.89,53.36,51.94,26.14K,-1.79%
01/24/2023,52.89,54.4,54.4,52.04,83.29K,-2.95%
01/23/2023,54.49,49.77,57.61,49.77,266.22K,9.90%
01/20/2023,49.58,47.41,49.68,47.41,35.13K,4.58%
01/19/2023,47.41,47.41,48.17,47.32,66.39K,-0.59%
01/18/2023,47.69,48.64,48.73,47.41,41.04K,0.00%
01/17/2023,47.69,47.32,48.92,47.32,128.82K,0.80%
01/13/2023,47.32,47.6,47.69,47.32,26.15K,-1.76%
01/12/2023,48.17,47.69,49.02,47.69,20.20K,0.99%
01/11/2023,47.69,48.17,49.11,47.5,29.40K,-0.98%
01/10/2023,48.17,48.07,49.3,48.07,25.23K,0.59%
01/09/2023,47.88,48.17,49.02,47.6,20.72K,-0.59%
01/05/2023,48.17,48.64,48.64,47.69,33.34K,-1.16%
01/04/2023,48.73,49.58,49.58,48.64,26.81K,-0.77%
01/03/2023,49.11,47.98,49.2,47.98,23.19K,2.97%
01/02/2023,47.69,47.69,47.98,47.22,45.58K,-0.20%
12/30/2022,47.79,47.41,47.88,47.32,21.34K,0.60%
12/29/2022,47.5,47.32,47.5,47.22,19.12K,0.20%
12/28/2022,47.41,47.5,47.5,47.32,10.82K,-0.20%
12/27/2022,47.5,47.32,47.69,47.22,89.40K,-1.37%
12/23/2022,48.17,47.5,48.17,47.22,48.00K,1.39%
12/22/2022,47.5,47.6,47.69,47.22,40.03K,-0.20%
12/21/2022,47.6,48.17,48.17,47.22,21.12K,-0.98%
12/20/2022,48.07,47.41,48.17,47.32,24.80K,-0.20%
12/19/2022,48.17,49.11,49.11,47.69,18.26K,-0.20%
12/16/2022,48.26,48.26,48.64,48.26,20.51K,0.20%
12/15/2022,48.17,48.92,49.58,48.17,17.00K,-1.92%
12/14/2022,49.11,49.49,49.87,48.92,14.44K,-0.76%
12/13/2022,49.49,47.41,49.49,47.22,113.23K,3.97%
12/12/2022,47.6,49.02,49.02,47.22,38.01K,-0.20%
12/09/2022,47.69,48.92,48.92,47.22,50.80K,-0.79%
12/08/2022,48.07,48.17,48.64,47.22,99.83K,-0.20%
12/06/2022,48.17,49.2,49.2,47.22,41.66K,0.00%
12/05/2022,48.17,49.11,49.2,47.22,43.17K,0.00%
12/02/2022,48.17,47.41,48.64,47.22,193.18K,0.99%
12/01/2022,47.69,49.11,49.11,47.22,39.89K,-1.75%
11/30/2022,48.54,47.32,48.54,47.32,22.11K,2.59%
11/29/2022,47.32,47.5,48.17,47.22,8.47K,-0.20%
11/28/2022,47.41,47.98,47.98,47.22,31.26K,-0.59%
11/25/2022,47.69,48.17,48.17,47.22,50.87K,0.60%
11/24/2022,47.41,47.69,47.69,47.13,5.59K,-0.20%
11/23/2022,47.5,47.32,47.6,47.22,74.61K,0.60%
11/22/2022,47.22,47.22,47.6,47.22,90.97K,0.00%
11/21/2022,47.22,47.22,47.69,47.13,183.40K,0.00%
11/18/2022,47.22,48.17,48.26,47.22,197.29K,-3.85%
11/17/2022,49.11,47.22,49.11,47.22,69.11K,4.00%
11/16/2022,47.22,48.17,48.17,47.22,36.63K,-1.96%
11/15/2022,48.17,48.64,49.02,48.17,21.17K,0.00%
11/14/2022,48.17,48.07,48.54,47.41,46.82K,1.59%
11/11/2022,47.41,47.69,47.79,47.13,31.41K,0.20%
11/10/2022,47.32,46.75,47.98,46.28,1.36M,1.21%
11/09/2022,46.75,47.22,47.22,46.18,31.41K,1.23%
11/08/2022,46.18,47.32,47.32,45.99,70.80K,-2.20%
11/04/2022,47.22,47.69,47.69,47.03,10.51K,0.81%
11/03/2022,46.84,47.22,48.07,46.75,15.85K,-0.60%
11/02/2022,47.13,48.35,48.35,46.94,30.23K,-0.20%
11/01/2022,47.22,47.32,48.17,47.13,35.40K,0.00%
10/31/2022,47.22,47.69,47.69,47.22,39.17K,-0.99%
10/28/2022,47.69,47.69,48.17,47.22,26.99K,0.60%
10/27/2022,47.41,47.22,47.69,46.75,89.05K,0.40%
10/26/2022,47.22,47.32,47.41,47.03,47.65K,0.00%
10/25/2022,47.22,48.17,48.17,47.13,37.92K,-0.60%
10/21/2022,47.5,48.07,48.17,47.22,12.47K,-1.18%
10/20/2022,48.07,48.26,48.26,47.13,1.08M,1.80%
10/19/2022,47.22,48.17,48.64,47.22,30.22K,-1.77%
10/18/2022,48.07,48.54,48.64,47.13,69.27K,-0.97%
10/17/2022,48.54,48.64,48.64,47.41,121.67K,0.78%
10/14/2022,48.17,49.96,49.96,48.17,132.17K,-0.97%
10/13/2022,48.64,49.11,49.11,48.17,107.44K,0.59%
10/12/2022,48.35,48.26,48.35,47.69,474.59K,0.39%
10/11/2022,48.17,48.17,49.11,47.69,244.48K,0.00%
10/07/2022,48.17,48.07,48.64,47.69,79.79K,-1.35%
10/06/2022,48.83,50.05,50.05,48.17,286.84K,-3.72%
10/05/2022,50.72,50.53,50.9,48.73,97.86K,0.37%
10/04/2022,50.53,51,51.47,50.53,85.87K,-1.83%
10/03/2022,51.47,52.42,52.42,51,35.62K,-0.91%
09/30/2022,51.94,51.94,52.42,51.47,596.66K,-0.72%
09/29/2022,52.32,52.13,52.32,51,387.65K,0.18%
09/28/2022,52.23,51.94,52.42,50.05,169.83K,-0.18%
09/27/2022,52.32,50.05,52.32,49.02,120.99K,3.55%
09/26/2022,50.53,51.57,51.57,49.11,81.71K,-2.01%
09/23/2022,51.57,51.66,52.32,50.9,88.88K,0.18%
09/22/2022,51.47,51.66,51.66,51,60.45K,-0.91%
09/21/2022,51.94,52.51,52.51,51,41.19K,-0.54%
09/20/2022,52.23,53.83,53.83,51.94,113.86K,-2.64%
09/19/2022,53.64,54.78,54.78,52.89,210.41K,-0.35%
09/16/2022,53.83,55.72,55.72,52.89,155.61K,-0.87%
09/15/2022,54.3,52.89,56.57,52.89,286.56K,2.68%
09/14/2022,52.89,52.89,53.83,51.09,208.95K,1.82%
09/13/2022,51.94,49.58,51.94,49.49,111.13K,4.36%
09/12/2022,49.77,49.58,49.96,49.11,187.64K,0.57%
09/09/2022,49.49,49.58,49.58,48.64,349.46K,-0.57%
09/08/2022,49.77,49.11,49.87,49.11,91.76K,-0.19%
09/07/2022,49.87,48.92,50.05,48.17,268.90K,0.57%
09/06/2022,49.58,50.53,50.53,48.92,95.15K,-1.87%
09/05/2022,50.53,50.53,51,49.11,94.61K,1.71%
09/02/2022,49.68,51,51,49.68,29.11K,-2.41%
09/01/2022,50.9,50.05,51,48.92,109.36K,3.85%
08/31/2022,49.02,50.05,50.53,48.92,31.35K,-0.19%
08/30/2022,49.11,48.92,49.11,48.83,45.91K,0.39%
08/29/2022,48.92,50.05,50.05,48.92,59.71K,-2.08%
08/26/2022,49.96,49.11,49.96,48.64,59.82K,1.73%
08/25/2022,49.11,49.11,49.2,48.64,148.39K,0.00%
08/24/2022,49.11,49.58,50.05,49.11,23.87K,-1.14%
08/23/2022,49.68,50.05,50.05,49.11,383.98K,-0.75%
08/22/2022,50.05,49.02,50.05,48.64,101.17K,2.32%
08/19/2022,48.92,49.02,49.02,48.64,30.47K,-0.19%
08/18/2022,49.02,50.05,50.05,48.26,110.78K,-2.08%
08/17/2022,50.05,50.81,50.81,49.58,242.82K,-1.12%
08/16/2022,50.62,51.09,51.09,49.87,60.66K,-4.80%
08/15/2022,53.17,52.7,53.55,51.94,69.56K,2.36%
08/12/2022,51.94,51.94,52.7,51.47,74.32K,0.00%
08/10/2022,51.94,51.47,51.94,50.81,24.09K,2.23%
08/09/2022,50.81,50.53,51.47,50.05,632.40K,1.51%
08/08/2022,50.05,50.53,50.53,49.58,152.28K,0.00%
08/05/2022,50.05,49.58,50.53,49.58,158.36K,0.95%
08/04/2022,49.58,50.05,50.05,49.58,128.84K,0.00%
08/03/2022,49.58,50.05,50.05,49.58,30.97K,-0.38%
08/02/2022,49.77,50.15,50.15,49.2,46.71K,-0.57%
08/01/2022,50.05,49.2,50.62,49.2,42.09K,1.73%
07/29/2022,49.2,50.05,51,49.11,17.46K,-1.70%
07/28/2022,50.05,49.58,50.34,49.11,30.79K,1.92%
07/27/2022,49.11,50.53,50.53,49.11,71.31K,-1.89%
07/26/2022,50.05,50.05,51.47,49.11,121.70K,0.00%
07/25/2022,50.05,51,51,50.05,36.03K,-1.85%
07/22/2022,51,50.05,51,49.87,42.93K,0.37%
07/21/2022,50.81,51.94,54.78,50.81,21.20K,0.56%
07/20/2022,50.53,51.09,51.94,50.24,19.82K,-0.93%
07/19/2022,51,49.11,51.09,49.02,244.23K,3.85%
07/18/2022,49.11,48.83,49.11,48.83,43.71K,0.19%
07/15/2022,49.02,49.11,49.11,48.73,35.78K,0.97%
07/14/2022,48.54,48.83,48.83,48.54,15.39K,0.00%
07/12/2022,48.54,49.11,49.11,48.45,7.24K,-1.15%
07/11/2022,49.11,47.22,49.96,47.22,159.67K,3.38%
07/08/2022,47.5,47.22,47.5,47.22,24.90K,0.20%
07/07/2022,47.41,47.22,47.6,47.22,265.90K,0.20%
07/06/2022,47.32,47.22,47.69,46.94,327.51K,0.20%
07/05/2022,47.22,47.5,47.5,46.84,86.15K,-0.79%
07/04/2022,47.6,47.79,47.79,47.32,397.93K,-0.59%
07/01/2022,47.88,47.88,47.98,47.6,10.07K,0.00%
06/30/2022,47.88,47.41,47.88,47.41,129.86K,1.00%
06/29/2022,47.41,47.32,47.6,47.32,113.01K,0.20%
06/28/2022,47.32,47.22,47.98,47.22,914.47K,-0.79%
06/27/2022,47.69,47.69,48.07,47.22,1.64M,-1.75%
06/24/2022,48.54,48.64,48.64,47.22,1.45M,1.98%
06/23/2022,47.6,49.11,49.11,47.6,123.97K,-1.18%
06/22/2022,48.17,47.69,48.64,47.69,10.04K,0.59%
06/21/2022,47.88,48.17,48.64,47.5,7.13K,0.60%
06/20/2022,47.6,47.5,47.6,47.22,1.08M,0.20%
06/17/2022,47.5,47.69,48.35,47.41,161.79K,-0.59%
06/16/2022,47.79,48.64,48.64,47.79,16.67K,-0.59%
06/15/2022,48.07,49.02,49.02,48.07,558.49K,-2.12%
06/13/2022,49.11,49.11,49.11,48.17,63.73K,1.36%
06/10/2022,48.45,49.96,49.96,48.45,482.89K,-3.02%
06/09/2022,49.96,49.11,49.96,48.64,72.26K,0.19%
06/08/2022,49.87,49.58,50.05,49.11,41.58K,0.57%
06/07/2022,49.58,49.58,49.96,49.11,413.19K,0.00%
06/06/2022,49.58,49.96,49.96,49.58,257.47K,-0.38%
06/03/2022,49.77,50.05,50.05,49.77,13.51K,-0.94%
06/02/2022,50.24,50.24,50.24,49.77,66.65K,0.38%
06/01/2022,50.05,51.75,51.75,49.68,32.33K,-2.03%
05/31/2022,51.09,49.68,52.89,49.68,603.79K,2.85%
05/30/2022,49.68,50.72,50.72,49.58,62.25K,-0.38%
05/27/2022,49.87,50.53,50.81,49.58,31.74K,-0.38%
05/26/2022,50.05,50.05,50.34,49.11,81.81K,0.00%
05/25/2022,50.05,51,51,50.05,49.61K,-0.56%
05/24/2022,50.34,50.53,50.53,50.24,75.93K,0.00%
05/23/2022,50.34,50.53,51.47,50.24,39.01K,-1.30%
05/20/2022,51,50.53,51,50.05,31.53K,0.93%
05/19/2022,50.53,51.47,51.47,50.05,83.38K,-2.19%
05/18/2022,51.66,52.42,52.42,51.09,195.26K,-0.36%
05/17/2022,51.85,51.38,52.42,51.38,268.97K,1.86%
05/13/2022,50.9,50.05,51.94,49.3,370.00K,3.65%
05/12/2022,49.11,47.22,49.87,47.22,348.54K,3.79%
05/09/2022,47.32,48.54,48.64,47.22,2.09M,-2.53%
05/06/2022,48.54,48.83,48.83,48.45,390.37K,-0.19%
05/05/2022,48.64,49.11,49.11,48.64,214.92K,0.00%
05/04/2022,48.64,49.11,49.11,48.17,405.73K,0.00%
04/29/2022,48.64,49.58,49.58,47.69,1.22M,-0.96%
04/28/2022,49.11,48.07,50.05,47.69,282.50K,2.16%
04/27/2022,48.07,47.22,51,47.22,2.46M,1.19%
04/26/2022,47.5,47.22,47.69,47.22,5.74M,0.60%
04/25/2022,47.22,50.05,51,47.22,164.32K,-12.28%
04/08/2022,53.83,56.29,56.57,51.94,258.68K,-5.00%
04/07/2022,56.67,57.61,57.61,55.72,58.11K,-0.83%
04/06/2022,57.14,59.97,60.35,56.67,180.21K,-2.73%
04/05/2022,58.74,56.67,59.5,56.19,111.01K,3.67%
04/04/2022,56.67,56.19,61.2,53.83,199.63K,1.69%
04/01/2022,55.72,58.65,58.65,55.72,36.45K,-5.60%
03/31/2022,59.03,65.17,65.17,57.61,172.92K,-7.32%
03/30/2022,63.69,66.42,66.42,63.23,497.97K,-4.76%
03/29/2022,66.87,68.24,68.6,65.51,325.90K,-2.00%
03/28/2022,68.24,69.42,69.42,67.78,399.40K,-1.32%
03/25/2022,69.15,70.06,71.69,69.06,411.47K,-1.30%
03/24/2022,70.06,69.97,71.42,69.69,558.79K,0.52%
03/23/2022,69.69,70.15,70.15,69.51,144.95K,-0.52%
03/22/2022,70.06,71.88,72.33,70.06,328.32K,-1.03%
03/21/2022,70.78,70.78,71.42,70.6,145.63K,1.04%
03/18/2022,70.06,71.88,71.88,69.78,845.83K,-1.91%
03/16/2022,71.42,70.97,72.33,70.6,19.56K,0.77%
03/15/2022,70.88,71.6,71.6,70.51,82.58K,-0.89%
03/14/2022,71.51,73.7,73.97,71.06,56.63K,-0.63%
03/11/2022,71.97,74.15,74.15,71.88,41.79K,-2.35%
03/10/2022,73.7,70.97,73.7,70.51,69.43K,3.18%
03/09/2022,71.42,69.15,72.79,69.15,156.25K,-2.00%
03/08/2022,72.88,72.97,73.24,71.88,110.11K,-0.50%
03/07/2022,73.24,74.06,74.61,72.79,420.95K,-1.11%
03/04/2022,74.06,74.52,74.52,73.7,33.00K,-0.61%
03/03/2022,74.52,73.97,74.79,73.79,312.58K,0.37%
03/02/2022,74.24,75.06,75.52,73.7,207.71K,-0.49%
02/28/2022,74.61,74.61,75.06,72.6,1.51M,1.86%
02/25/2022,73.24,71.88,73.24,71.42,1.86M,0.63%
02/24/2022,72.79,72.33,73.51,71.42,169.84K,-1.11%
02/23/2022,73.61,73.7,73.7,71.51,141.63K,-0.25%
02/22/2022,73.79,72.33,74.06,72.06,62.82K,2.01%
02/21/2022,72.33,74.24,74.61,71.97,178.14K,-2.93%
02/18/2022,74.52,74.7,74.7,74.15,69.43K,-0.61%
02/17/2022,74.97,73.7,75.42,73.06,107.53K,3.00%
02/15/2022,72.79,72.79,74.52,72.7,63.10K,0.00%
02/14/2022,72.79,73.24,73.7,71.88,364.02K,-0.37%
02/11/2022,73.06,71.88,73.15,71.88,34.22K,0.63%
02/10/2022,72.6,72.42,73.7,71.15,130.02K,0.13%
02/09/2022,72.51,73.24,73.7,72.42,448.25K,-0.99%
02/08/2022,73.24,75.06,75.06,72.97,499.76K,0.00%
02/07/2022,73.24,74.79,74.79,72.79,341.38K,-2.42%
02/03/2022,75.06,74.61,75.06,72.79,376.86K,0.61%
02/02/2022,74.61,74.79,74.97,74.24,294.19K,-0.12%
02/01/2022,74.7,74.61,75.52,74.15,64.62K,-0.97%
01/31/2022,75.42,74.61,75.52,74.61,146.43K,1.59%
01/28/2022,74.24,74.61,75.42,74.15,66.83K,-0.85%
01/27/2022,74.88,74.7,75.97,74.61,282.14K,0.24%
01/26/2022,74.7,75.06,75.52,74.61,83.58K,-0.48%
01/25/2022,75.06,76.88,76.88,75.06,131.16K,-1.79%
01/24/2022,76.43,76.43,77.34,75.79,320.56K,0.12%
01/21/2022,76.33,76.33,76.7,75.97,759.59K,0.48%
01/20/2022,75.97,75.42,76.06,74.97,231.86K,0.97%
01/19/2022,75.24,74.52,75.7,74.15,438.34K,1.35%
01/18/2022,74.24,74.15,75.97,73.7,379.92K,-0.49%
01/13/2022,74.61,74.15,74.61,72.88,143.18K,0.24%
01/12/2022,74.42,74.24,75.33,73.61,365.43K,0.25%
01/11/2022,74.24,76.43,76.43,74.15,153.41K,-0.61%
01/10/2022,74.7,73.06,76.43,72.79,1.40M,2.63%
01/07/2022,72.79,72.42,72.79,71.88,788.38K,0.25%
01/06/2022,72.6,72.79,72.79,72.15,170.73K,0.38%
01/05/2022,72.33,73.15,73.24,72.33,426.23K,-0.87%
01/04/2022,72.97,72.97,72.97,72.33,308.19K,0.25%
01/03/2022,72.79,71.97,73.61,71.97,872.26K,1.01%
12/31/2021,72.06,72.79,72.79,71.69,110.67K,-0.75%
12/30/2021,72.6,71.88,72.79,71.42,498.74K,-0.25%
12/29/2021,72.79,71.6,72.79,70.51,925.78K,0.63%
12/28/2021,72.33,70.88,72.7,70.6,626.68K,2.45%
12/27/2021,70.6,70.88,70.97,70.06,378.62K,0.26%
12/24/2021,70.42,70.97,70.97,70.24,195.27K,-0.77%
12/23/2021,70.97,70.51,71.42,69.97,314.17K,1.30%
12/22/2021,70.06,70.97,70.97,70.06,321.76K,-1.28%
12/21/2021,70.97,71.51,71.51,70.88,456.04K,-0.76%
12/20/2021,71.51,72.06,72.15,71.51,278.96K,-0.88%
12/17/2021,72.15,72.97,72.97,72.06,258.39K,-1.25%
12/16/2021,73.06,73.24,73.24,72.33,2.79M,0.50%
12/15/2021,72.7,72.33,73.15,71.88,5.72M,0.50%
12/14/2021,72.33,72.7,72.79,72.33,200.57K,-0.50%
12/13/2021,72.7,72.79,72.88,72.42,660.35K,-0.25%
12/10/2021,72.88,73.7,73.7,72.7,1.06M,-0.37%
12/09/2021,73.15,73.33,73.7,72.7,404.65K,-0.12%
12/08/2021,73.24,73.33,73.42,72.79,283.86K,0.00%
12/07/2021,73.24,72.88,74.15,72.7,355.43K,0.12%
12/06/2021,73.15,72.79,74.15,72.51,32.83K,0.50%
12/03/2021,72.79,73.61,73.7,72.79,222.03K,-1.11%
12/02/2021,73.61,75.42,75.42,73.24,123.00K,-0.49%
12/01/2021,73.97,72.79,74.15,72.79,222.24K,0.37%
11/30/2021,73.7,74.88,74.88,72.7,1.57M,-1.70%
11/29/2021,74.97,74.79,75.06,73.97,484.90K,-0.24%
11/26/2021,75.15,75.52,75.61,74.61,171.27K,-0.48%
11/25/2021,75.52,76.43,76.43,75.52,427.17K,-1.19%
11/24/2021,76.43,76.24,76.43,75.97,109.39K,0.24%
11/23/2021,76.24,76.61,76.79,75.97,302.55K,-0.59%
11/22/2021,76.7,77.34,77.61,76.52,403.90K,-1.40%
11/19/2021,77.79,76.7,77.97,76.43,285.16K,1.66%
11/17/2021,76.52,77.34,77.34,75.52,203.06K,-0.94%
11/16/2021,77.24,76.15,77.43,75.97,417.98K,1.07%
11/15/2021,76.43,75.52,77.52,75.33,646.54K,-1.18%
11/12/2021,77.34,78.79,80.07,77.34,454.32K,-1.73%
11/11/2021,78.7,78.7,79.61,78.7,130.38K,0.00%
11/10/2021,78.7,78.88,79.52,78.34,65.50K,0.00%
11/09/2021,78.7,78.88,78.88,78.34,74.07K,-1.14%
11/08/2021,79.61,79.97,80.07,78.7,122.18K,-0.57%
11/05/2021,80.07,80.97,80.97,79.79,237.94K,-1.12%
11/03/2021,80.97,80.97,81.88,80.52,219.67K,0.23%
11/02/2021,80.79,80.25,81.07,80.07,481.17K,0.34%
11/01/2021,80.52,80.97,80.97,80.16,240.63K,-0.56%
10/29/2021,80.97,80.52,81.43,79.61,218.88K,0.79%
10/28/2021,80.34,80.07,80.97,79.61,96.79K,0.57%
10/27/2021,79.88,78.97,80.07,78.61,148.41K,0.80%
10/26/2021,79.25,79.16,80.07,78.79,233.74K,-0.46%
10/25/2021,79.61,80.07,80.07,78.25,725.20K,-0.46%
10/22/2021,79.97,80.07,80.97,79.16,106.29K,-0.11%
10/21/2021,80.07,79.16,80.07,79.16,403.60K,1.62%
10/18/2021,78.79,79.16,79.16,77.88,47.90K,0.12%
10/15/2021,78.7,78.25,78.7,78.15,82.92K,0.82%
10/14/2021,78.06,78.7,78.7,77.97,109.05K,-1.38%
10/13/2021,79.16,80.07,80.07,77.34,903.90K,-1.58%
10/12/2021,80.43,79.16,80.97,79.16,13.21K,1.49%
10/11/2021,79.25,81.88,81.88,79.16,445.54K,-2.68%
10/08/2021,81.43,81.88,81.88,80.97,506.03K,-0.56%
10/07/2021,81.88,82.34,82.98,81.7,969.70K,-0.33%
10/06/2021,82.16,79.16,82.7,79.16,1.76M,3.67%
10/05/2021,79.25,77.24,79.43,77.06,278.15K,2.71%
10/04/2021,77.15,77.34,77.34,77.06,45.19K,-0.24%
10/01/2021,77.34,78.25,78.25,76.88,320.69K,0.00%
09/30/2021,77.34,76.24,77.34,75.97,213.05K,1.55%
09/29/2021,76.15,75.52,76.43,75.52,57.59K,0.84%
09/28/2021,75.52,76.33,76.43,75.52,439.63K,-1.19%
09/27/2021,76.43,76.06,77.34,76.06,10.98K,0.00%
09/24/2021,76.43,76.15,76.61,75.97,49.59K,0.84%
09/23/2021,75.79,76.24,76.24,75.52,304.24K,0.36%
09/22/2021,75.52,75.88,76.06,75.42,128.37K,-0.48%
09/21/2021,75.88,75.97,76.24,75.42,147.03K,-0.48%
09/17/2021,76.24,76.88,76.88,75.97,167.55K,-0.24%
09/16/2021,76.43,76.33,76.43,75.88,376.73K,0.00%
09/15/2021,76.43,75.97,76.43,75.88,67.24K,1.20%
09/14/2021,75.52,76.43,76.43,75.42,183.93K,-0.60%
09/13/2021,75.97,76.43,76.43,74.61,342.07K,-1.18%
09/10/2021,76.88,77.34,77.79,76.52,411.25K,0.12%
09/09/2021,76.79,76.79,76.88,76.43,646.98K,-0.24%
09/08/2021,76.97,77.34,77.79,76.61,432.91K,-0.47%
09/07/2021,77.34,77.79,77.79,77.34,708.18K,-0.58%
09/06/2021,77.79,78.25,78.25,77.15,842.57K,-0.58%
09/03/2021,78.25,77.79,78.25,77.34,914.35K,0.23%
09/02/2021,78.06,77.79,78.43,77.34,902.43K,-0.23%
09/01/2021,78.25,77.52,78.34,77.15,622.36K,-1.15%
08/31/2021,79.16,77.52,79.34,77.34,922.96K,2.11%
08/30/2021,77.52,79.61,79.61,77.34,487.09K,-2.41%
08/27/2021,79.43,80.52,80.52,78.34,390.73K,-0.80%
08/26/2021,80.07,77.7,81.52,77.52,864.20K,2.92%
08/25/2021,77.79,77.34,78.25,77.34,150.28K,0.47%
08/24/2021,77.43,77.15,78.15,76.88,192.96K,0.35%
08/23/2021,77.15,77.15,77.79,76.88,340.45K,0.36%
08/20/2021,76.88,77.7,77.7,76.88,138.57K,-1.05%
08/19/2021,77.7,77.34,77.88,77.34,190.95K,0.47%
08/18/2021,77.34,77.34,77.61,76.88,132.51K,0.59%
08/17/2021,76.88,75.97,77.79,75.97,360.78K,0.72%
08/16/2021,76.33,76.06,76.43,75.97,25.76K,0.24%
08/13/2021,76.15,76.06,76.43,75.97,66.09K,0.84%
08/12/2021,75.52,75.88,76.43,75.15,200.63K,-0.60%
08/11/2021,75.97,75.33,76.06,75.24,141.19K,0.60%
08/10/2021,75.52,75.97,76.43,75.42,884.11K,0.00%
08/09/2021,75.52,76.33,76.33,75.42,221.54K,-0.95%
08/06/2021,76.24,75.79,76.43,75.61,98.72K,0.12%
08/05/2021,76.15,76.88,76.88,75.79,240.88K,-0.95%
08/04/2021,76.88,76.88,77.34,76.7,1.13M,0.00%
08/03/2021,76.88,77.43,77.43,76.79,125.85K,-0.71%
08/02/2021,77.43,77.7,77.79,77.34,952.14K,-0.35%
07/30/2021,77.7,77.43,77.79,77.15,31.04K,-0.70%
07/29/2021,78.25,76.97,78.25,76.7,338.38K,2.02%
07/28/2021,76.7,76.43,77.24,75.61,139.67K,0.00%
07/27/2021,76.7,77.06,77.34,75.52,177.47K,0.72%
07/26/2021,76.15,77.34,77.79,76.15,418.05K,-1.53%
07/22/2021,77.34,78.97,79.16,77.34,860.80K,-1.96%
07/20/2021,78.88,79.16,79.25,78.79,354.88K,-1.03%
07/19/2021,79.7,79.43,80.07,79.16,355.28K,0.69%
07/16/2021,79.16,79.25,79.61,79.16,280.83K,-0.23%
07/15/2021,79.34,79.61,79.61,79.16,145.87K,-0.34%
07/14/2021,79.61,78.97,79.61,78.88,81.69K,0.57%
07/13/2021,79.16,80.07,80.07,78.88,122.29K,-1.14%
07/12/2021,80.07,79.43,80.07,79.16,17.80K,0.57%
07/09/2021,79.61,78.7,79.61,78.61,151.52K,1.16%
07/08/2021,78.7,78.43,78.97,78.43,85.11K,0.46%
07/07/2021,78.34,78.88,78.88,78.25,611.01K,-0.23%
07/06/2021,78.52,79.06,79.16,78.52,91.51K,-0.69%
07/05/2021,79.06,79.16,79.7,78.88,175.48K,-0.69%
07/02/2021,79.61,80.97,80.97,79.16,255.58K,-1.69%
07/01/2021,80.97,80.25,80.97,79.7,200.12K,0.91%
06/30/2021,80.25,81.34,81.61,79.97,426.36K,-1.45%
06/29/2021,81.43,82.07,82.16,80.88,149.95K,-0.56%
06/28/2021,81.88,81.88,82.16,80.97,1.38M,0.33%
06/25/2021,81.61,80.07,81.88,80.07,671.61K,2.05%
06/23/2021,79.97,80.16,81.88,79.61,1.53M,-0.23%
06/22/2021,80.16,81.43,81.43,79.61,504.02K,-1.23%
06/21/2021,81.16,81.88,81.88,81.16,153.22K,-0.89%
06/18/2021,81.88,81.43,82.34,81.43,115.39K,-0.22%
06/17/2021,82.07,82.61,82.61,81.79,119.42K,-0.11%
06/16/2021,82.16,81.88,82.79,81.07,186.03K,0.33%
06/15/2021,81.88,82.61,82.61,81.43,101.75K,-0.55%
06/14/2021,82.34,82.79,83.16,81.79,174.95K,-1.52%
06/11/2021,83.61,83.07,83.7,82.16,429.64K,0.00%
06/10/2021,83.61,82.7,83.61,81.88,489.60K,2.11%
06/09/2021,81.88,81.88,82.79,81.7,102.58K,0.00%
06/08/2021,81.88,83.25,83.7,81.07,302.17K,-1.42%
06/07/2021,83.07,83.34,83.98,82.79,532.62K,-0.65%
06/04/2021,83.61,82.52,83.7,81.98,984.28K,0.99%
06/03/2021,82.79,80.79,82.79,80.43,1.21M,2.02%
06/02/2021,81.16,81.88,81.88,80.07,342.29K,-0.67%
06/01/2021,81.7,79.16,81.79,79.16,934.05K,3.22%
05/31/2021,79.16,78.25,79.43,77.34,609.73K,1.75%
05/28/2021,77.79,77.79,78.15,76.88,97.84K,0.59%
05/25/2021,77.34,75.52,78.25,75.52,657.71K,2.41%
05/24/2021,75.52,75.15,75.88,75.06,309.11K,0.48%
05/21/2021,75.15,75.79,76.43,75.06,497.59K,-0.84%
05/20/2021,75.79,77.34,77.34,75.52,302.44K,-2.00%
05/19/2021,77.34,76.97,78.15,76.33,177.83K,0.71%
05/18/2021,76.79,76.88,77.24,75.52,104.19K,0.24%
05/17/2021,76.61,74.61,76.97,74.61,294.46K,3.31%
05/13/2021,74.15,73.33,74.61,73.33,158.87K,1.12%
05/12/2021,73.33,73.42,73.61,72.97,232.97K,-0.12%
05/11/2021,73.42,73.24,73.61,73.24,61.62K,0.25%
05/10/2021,73.24,74.15,74.15,72.42,496.65K,-1.47%
05/07/2021,74.33,72.33,75.52,72.24,531.11K,2.64%
05/06/2021,72.42,72.79,72.79,72.06,513.35K,-0.50%
05/05/2021,72.79,72.7,73.06,72.42,46.25K,1.27%
05/04/2021,71.88,72.79,72.79,71.88,271.03K,-1.13%
05/03/2021,72.7,73.24,73.24,71.97,424.58K,-0.75%
04/30/2021,73.24,73.33,73.7,73.24,20.63K,0.00%
04/29/2021,73.24,73.24,73.7,72.79,553.22K,-0.62%
04/28/2021,73.7,72.33,73.7,72.33,101.84K,1.50%
04/27/2021,72.6,73.7,74.15,71.88,635.53K,-2.68%
04/23/2021,74.61,74.7,75.97,74.52,339.38K,-2.38%
04/22/2021,76.43,77.34,77.34,75.97,175.42K,-1.18%
04/21/2021,77.34,77.34,78.06,76.24,180.53K,0.00%
04/20/2021,77.34,78.52,78.7,77.24,288.25K,-1.73%
04/19/2021,78.7,78.97,78.97,78.15,88.79K,-0.46%
04/16/2021,79.06,79.16,79.34,78.7,435.53K,-0.11%
04/15/2021,79.16,79.43,79.43,78.79,962.48K,-0.23%
04/12/2021,79.34,78.52,79.43,78.52,271.09K,1.04%
04/09/2021,78.52,78.15,78.61,77.97,237.86K,0.35%
04/08/2021,78.25,77.88,78.25,77.34,390.77K,0.58%
04/07/2021,77.79,77.79,78.79,77.7,221.19K,-0.47%
04/06/2021,78.15,77.06,78.43,76.97,316.07K,1.30%
04/05/2021,77.15,77.88,78.15,76.88,306.36K,-1.17%
04/01/2021,78.06,77.61,78.25,77.34,46.58K,0.12%
03/31/2021,77.97,80.07,80.07,77.43,189.45K,-3.57%
03/30/2021,80.86,80.77,80.95,80.06,1.02M,0.89%
03/29/2021,80.15,79.17,82.28,78.99,432.54K,1.12%
03/26/2021,79.26,79.17,79.97,77.84,326.47K,0.11%
03/25/2021,79.17,79.97,79.97,78.28,60.16K,-0.56%
03/24/2021,79.61,78.01,80.06,77.39,186.44K,2.05%
03/23/2021,78.01,77.03,78.01,76.23,41.25K,1.27%
03/22/2021,77.03,76.95,77.3,76.5,90.96K,0.12%
03/19/2021,76.95,75.7,77.12,75.7,102.62K,1.65%
03/18/2021,75.7,77.21,77.21,75.61,510.28K,0.00%
03/17/2021,75.7,77.75,77.84,75.7,105.89K,-2.74%
03/16/2021,77.84,78.01,78.19,76.77,57.36K,0.46%
03/15/2021,77.48,77.84,80.06,77.39,275.75K,0.23%
03/12/2021,77.3,76.5,78.28,76.5,285.84K,1.05%
03/10/2021,76.5,79.08,79.08,76.23,169.41K,-2.49%
03/09/2021,78.46,77.39,79.97,77.39,115.46K,3.04%
03/08/2021,76.14,75.61,77.39,75.43,579.76K,0.82%
03/05/2021,75.52,75.61,76.06,73.83,398.41K,0.24%
03/04/2021,75.34,76.5,76.68,74.9,477.62K,-1.28%
03/03/2021,76.32,77.39,77.39,75.97,237.58K,-1.15%
03/02/2021,77.21,78.55,78.55,76.95,150.33K,-1.71%
03/01/2021,78.55,78.99,80.5,78.28,628.61K,-0.56%
02/25/2021,78.99,79.17,80.95,78.01,939.64K,4.47%
02/24/2021,75.61,76.5,76.5,75.26,2.78M,-1.16%
02/23/2021,76.5,78.72,78.72,75.61,1.42M,-3.37%
02/22/2021,79.17,80.95,80.95,78.37,665.31K,-1.11%
02/19/2021,80.06,78.46,80.95,78.46,1.02M,2.04%
02/18/2021,78.46,79.08,79.17,77.84,300.13K,0.00%
02/17/2021,78.46,77.84,79.88,76.5,1.57M,0.58%
02/16/2021,78.01,80.5,80.95,77.3,777.06K,-2.89%
02/15/2021,80.33,78.28,80.95,78.28,1.44M,2.50%
02/12/2021,78.37,76.86,79.17,76.86,545.88K,2.69%
02/11/2021,76.32,76.59,77.39,71.16,680.92K,-1.95%
02/10/2021,77.84,78.55,78.55,76.95,586.70K,-0.33%
02/09/2021,78.1,80.06,80.06,76.41,408.91K,-2.45%
02/08/2021,80.06,84.33,84.33,79.61,1.02M,-2.91%
02/05/2021,82.46,83.62,84.51,81.84,285.00K,-0.33%
02/03/2021,82.73,79.17,83.62,79.17,680.17K,3.45%
02/02/2021,79.97,85.22,85.31,76.5,1.47M,-6.64%
02/01/2021,85.66,88.95,88.95,85.31,1.18M,-3.42%
01/29/2021,88.69,92.07,93.4,88.06,3.05M,-0.10%
01/27/2021,88.78,90.07,90.29,88.06,1.44M,-0.69%
01/26/2021,89.4,91.62,92.07,88.95,2.91M,-0.25%
01/25/2021,89.62,88.78,91.62,88.51,2.26M,1.56%
01/22/2021,88.24,84.06,88.69,84.06,2.16M,5.87%
01/21/2021,83.35,85.4,85.4,82.28,1.37M,-3.10%
01/20/2021,86.02,86.29,88.87,81.84,2.19M,0.53%
01/19/2021,85.57,79.17,86.29,79.17,5.35M,8.45%
01/18/2021,78.9,75.61,80.06,75.61,2.42M,5.21%
01/15/2021,74.99,72.94,75.7,72.68,1.33M,2.81%
01/13/2021,72.94,72.76,73.39,72.5,616.91K,0.00%
01/12/2021,72.94,73.03,73.48,72.05,978.06K,-0.37%
01/11/2021,73.21,73.3,73.48,72.94,1.24M,-0.12%
01/08/2021,73.3,73.57,73.65,72.85,1.00M,-0.37%
01/07/2021,73.57,73.74,73.83,72.85,581.89K,-0.35%
01/06/2021,73.83,73.83,74.01,72.94,1.15M,-0.24%
01/05/2021,74.01,74.28,74.63,73.83,724.87K,-0.12%
01/04/2021,74.1,72.05,74.37,72.05,1.39M,2.97%
12/31/2020,71.96,71.7,72.5,71.52,692.80K,0.49%
12/30/2020,71.61,71.25,71.88,71.25,313.29K,0.51%
12/28/2020,71.25,70.54,71.88,70.54,204.40K,1.26%
12/24/2020,70.36,70.27,70.63,69.92,171.75K,0.13%
12/23/2020,70.27,70.72,70.72,70.18,696.08K,-0.64%
12/22/2020,70.72,70.27,71.16,70.27,133.65K,0.13%
12/21/2020,70.63,71.16,71.7,70.45,515.77K,-0.74%
12/18/2020,71.16,71.61,71.79,71.07,1.23M,-0.63%
12/17/2020,71.61,71.88,72.23,71.25,398.64K,-0.61%
12/16/2020,72.05,72.05,72.76,71.79,285.96K,0.00%
12/15/2020,72.05,72.94,73.3,71.88,283.73K,-1.34%
12/14/2020,73.03,72.94,73.83,72.85,190.80K,-1.08%
12/11/2020,73.83,73.83,73.92,73.12,337.16K,0.12%
12/10/2020,73.74,74.63,74.63,72.85,226.14K,-0.36%
12/09/2020,74.01,75.43,75.61,73.03,921.46K,-1.54%
12/08/2020,75.17,74.63,75.79,74.63,1.32M,1.32%
12/07/2020,74.19,72.85,74.54,72.76,430.04K,1.97%
12/04/2020,72.76,71.96,73.03,71.7,1.04M,1.48%
12/03/2020,71.7,71.96,72.05,71.34,563.06K,0.13%
12/02/2020,71.61,72.05,72.05,71.52,368.17K,0.25%
12/01/2020,71.43,70.54,72.05,70.36,1.69M,1.90%
11/30/2020,70.1,68.05,70.72,67.96,853.39K,3.01%
11/27/2020,68.05,68.05,68.49,68.05,435.03K,0.00%
11/26/2020,68.05,67.87,68.23,67.78,655.55K,0.27%
11/25/2020,67.87,68.32,68.49,67.61,390.05K,-0.40%
11/24/2020,68.14,68.14,68.49,67.78,820.84K,0.13%
11/23/2020,68.05,67.78,68.23,67.61,719.92K,0.53%
11/20/2020,67.69,67.61,68.05,67.61,454.34K,0.12%
11/19/2020,67.61,67.69,67.96,67.52,56.54K,-0.12%
11/18/2020,67.69,67.61,68.41,67.16,47.56K,0.79%
11/17/2020,67.16,67.61,67.61,66.89,319.24K,-0.78%
11/16/2020,67.69,68.49,68.94,67.43,259.96K,-1.17%
11/13/2020,68.49,68.49,69.03,68.05,367.82K,0.00%
11/12/2020,68.49,67.61,70.27,67.16,564.33K,-2.53%
11/11/2020,70.27,71.16,71.16,69.38,787.65K,1.15%
11/10/2020,69.47,67.61,70.27,67.61,774.78K,4.00%
11/09/2020,66.8,67.52,67.61,66.36,662.29K,0.00%
11/06/2020,66.8,66.27,68.41,66,1.05M,0.80%
11/05/2020,66.27,66.72,66.72,65.83,561.86K,0.00%
11/04/2020,66.27,65.38,66.72,65.2,119.33K,1.36%
11/03/2020,65.38,64.94,65.74,64.85,494.07K,0.68%
11/02/2020,64.94,64.94,66,64.76,470.75K,-1.74%
10/29/2020,66.09,64.94,66.54,64.76,71.88K,1.77%
10/28/2020,64.94,65.38,66.18,64.49,850.83K,-1.08%
10/27/2020,65.65,66,66.09,65.38,719.13K,-0.14%
10/26/2020,65.74,64.94,66.09,64.94,389.72K,-0.80%
10/23/2020,66.27,67.34,67.52,66.18,861.43K,0.00%
10/22/2020,66.27,64.94,68.05,64.94,446.26K,0.94%
10/21/2020,65.65,68.05,68.85,64.94,737.69K,-3.78%
10/20/2020,68.23,68.85,68.85,68.05,476.01K,-0.90%
10/19/2020,68.85,69.92,69.92,68.49,394.10K,0.13%
10/16/2020,68.76,68.58,70.36,67.61,486.70K,-0.26%
10/15/2020,68.94,70.27,70.27,67.78,128.70K,-0.13%
10/14/2020,69.03,66.27,70.72,66.09,655.91K,4.16%
10/13/2020,66.27,66.72,67.61,66.09,1.14M,-1.06%
10/12/2020,66.98,68.49,68.76,66.63,464.27K,-2.20%
10/09/2020,68.49,68.05,69.56,68.05,668.07K,1.71%
10/08/2020,67.34,66.36,68.76,66.36,291.15K,1.75%
10/07/2020,66.18,65.92,68.05,65.83,1.70M,0.00%
10/06/2020,66.18,65.83,69.38,62.45,1.63M,-0.41%
10/05/2020,66.45,68.05,68.85,65.03,2.12M,-5.68%
10/02/2020,70.45,71.16,71.16,70.27,886.32K,-0.87%
09/30/2020,71.07,70.72,71.16,69.74,598.86K,-0.13%
09/29/2020,71.16,72.05,72.05,70.72,1.84M,-1.11%
09/28/2020,71.96,72.05,72.5,71.61,323.67K,-0.12%
09/25/2020,72.05,72.05,72.85,71.61,430.99K,0.36%
09/24/2020,71.79,72.05,72.94,71.61,2.33M,-0.24%
09/23/2020,71.96,72.5,72.94,71.61,399.18K,0.00%
09/22/2020,71.96,73.83,73.83,71.16,851.43K,-1.47%
09/21/2020,73.03,74.28,74.28,72.5,1.07M,-0.84%
09/18/2020,73.65,73.74,74.54,73.48,2.65M,0.48%
09/17/2020,73.3,70.36,73.74,70.27,2.43M,4.31%
09/16/2020,70.27,70.27,71.7,69.83,807.36K,0.50%
09/15/2020,69.92,70.72,70.72,69.74,1.29M,-0.88%
09/14/2020,70.54,71.16,71.61,70.36,917.22K,-0.25%
09/11/2020,70.72,70.27,71.16,70.27,262.10K,0.64%
09/10/2020,70.27,71.07,71.16,70.27,1.60M,0.00%
09/09/2020,70.27,70.27,72.5,70.18,601.55K,1.80%
09/08/2020,69.03,68.94,69.38,68.58,310.80K,-0.50%
09/07/2020,69.38,69.92,70.18,68.67,442.40K,-0.77%
09/04/2020,69.92,70.81,70.81,69.74,720.38K,-1.26%
09/03/2020,70.81,71.16,71.16,70.72,340.24K,-0.49%
09/02/2020,71.16,72.05,72.05,70.9,1.03M,-1.11%
08/31/2020,71.96,72.85,72.85,71.88,771.76K,-0.74%
08/28/2020,72.5,71.25,72.94,71.25,716.20K,1.75%
08/27/2020,71.25,73.12,73.12,71.07,7.32M,-1.85%
08/26/2020,72.59,73.39,73.39,72.23,363.44K,-0.72%
08/25/2020,73.12,74.37,74.37,72.76,1.01M,-1.68%
08/24/2020,74.37,73.92,75.61,73.83,784.84K,0.61%
08/21/2020,73.92,73.83,74.19,73.65,506.98K,0.12%
08/20/2020,73.83,73.83,74.28,73.12,2.18M,-0.12%
08/19/2020,73.92,73.39,74.28,72.94,601.86K,0.72%
08/18/2020,73.39,73.39,73.83,72.94,5.27M,0.62%
08/17/2020,72.94,73.39,73.74,71.88,3.24M,-0.61%
08/14/2020,73.39,74.72,74.72,73.3,1.94M,-1.08%
08/13/2020,74.19,72.5,74.63,71.88,4.10M,2.97%
08/12/2020,72.05,69.38,72.23,69.38,4.05M,5.74%
08/11/2020,68.14,67.78,69.12,67.61,3.67M,0.53%
08/10/2020,67.78,68.85,68.85,67.43,2.48M,-0.92%
08/07/2020,68.41,69.83,70.27,67.87,3.13M,-0.12%
08/06/2020,68.49,68.32,69.03,67.87,1.53M,0.00%
08/05/2020,68.49,68.49,68.94,68.14,768.10K,0.25%
08/04/2020,68.32,67.61,68.49,67.61,541.58K,2.40%
07/31/2020,66.72,65.38,66.8,64.94,478.88K,3.60%
07/30/2020,64.4,65.38,65.38,64.05,1.33M,-1.50%
07/29/2020,65.38,65.83,65.83,65.29,385.26K,-0.68%
07/28/2020,65.83,66.72,66.72,65.65,1.28M,-1.07%
07/27/2020,66.54,66.72,66.72,66.27,1.63M,0.41%
07/24/2020,66.27,66.36,66.72,66,312.44K,0.14%
07/23/2020,66.18,66.36,66.45,66.09,323.33K,-0.14%
07/22/2020,66.27,66.54,66.72,66.09,173.97K,-0.27%
07/21/2020,66.45,66.72,66.72,66,353.17K,-0.27%
07/20/2020,66.63,66.54,67.07,66.54,974.35K,1.22%
07/17/2020,65.83,65.83,66.72,65.74,2.43M,0.00%
07/16/2020,65.83,64.94,66.27,64.94,426.70K,1.94%
07/15/2020,64.58,64.94,65.38,63.16,626.61K,-0.69%
07/14/2020,65.03,62.27,65.29,62.27,4.99M,3.26%
07/13/2020,62.98,62.27,65.03,58.71,1.89M,-4.20%
07/10/2020,65.74,67.61,67.61,63.16,3.29M,-3.52%
07/09/2020,68.14,68.14,68.94,68.05,1.07M,0.00%
07/08/2020,68.14,68.05,68.49,67.87,1.02M,0.13%
07/07/2020,68.05,68.05,68.76,67.78,6.91M,0.92%
07/06/2020,67.43,68.05,68.05,66.27,1.18M,-0.91%
07/03/2020,68.05,69.3,69.3,67.69,8.12M,-0.77%
07/02/2020,68.58,69.38,69.38,67.61,1.34M,-1.15%
07/01/2020,69.38,70.27,70.36,69.3,930.30K,-1.03%
06/30/2020,70.1,71.07,71.07,69.21,5.37M,2.35%
06/29/2020,68.49,68.58,69.03,68.05,1.59M,0.38%
06/26/2020,68.23,68.05,68.76,67.25,3.23M,2.08%
06/25/2020,66.84,66.41,67.36,66.41,2.56M,1.18%
06/24/2020,66.06,66.06,66.49,65.19,2.14M,0.14%
06/23/2020,65.97,65.02,66.84,64.84,2.57M,2.42%
06/22/2020,64.41,61.71,64.84,61.71,2.41M,4.38%
06/19/2020,61.71,60.67,62.06,60.67,3.28M,1.71%
06/18/2020,60.67,60.84,61.71,60.5,4.81M,-0.15%
06/17/2020,60.76,59.98,61.28,59.98,3.96M,1.61%
06/16/2020,59.8,59.8,60.06,59.11,479.16K,1.17%
06/15/2020,59.11,60.06,60.84,58.93,549.23K,-1.15%
06/12/2020,59.8,58.41,60.41,57.89,1.95M,2.08%
06/11/2020,58.58,57.8,59.02,57.63,2.92M,2.90%
06/10/2020,56.93,57.54,58.15,56.5,3.27M,0.46%
06/09/2020,56.67,55.63,58.15,55.63,4.37M,2.68%
06/08/2020,55.19,55.19,55.63,55.11,2.53M,1.27%
06/04/2020,54.5,54.76,54.85,54.33,116.95K,-0.47%
06/03/2020,54.76,54.33,55.63,54.33,1.10M,1.13%
06/02/2020,54.15,54.76,54.76,53.89,513.15K,1.14%
06/01/2020,53.54,54.85,54.85,52.93,1.09M,-2.23%
05/29/2020,54.76,56.24,56.24,53.98,1.68M,-2.77%
05/28/2020,56.32,55.63,56.5,55.63,1.77M,1.24%
05/27/2020,55.63,55.63,56.59,52.59,1.26M,0.16%
05/26/2020,55.54,59.98,59.98,55.54,3.10M,-6.17%
05/22/2020,59.19,61.71,62.5,57.8,5.10M,-3.00%
05/21/2020,61.02,56.5,62.15,56.5,6.74M,13.04%
05/20/2020,53.98,51.28,55.63,51.28,3.95M,7.81%
05/19/2020,50.07,49.55,51.28,49.46,6.71M,2.69%
05/18/2020,48.76,48.5,49.63,48.5,3.57M,2.37%
05/15/2020,47.63,45.2,47.81,43.98,2.22M,9.37%
05/14/2020,43.55,49.55,50.85,43.46,67.25M,-9.55%
05/13/2020,48.15,49.55,51.28,47.81,3.28M,0.54%
05/12/2020,47.89,46.94,49.55,46.94,1.23M,0.17%
05/11/2020,47.81,47.81,47.81,46.94,23.74K,-8.48%
03/20/2020,52.24,58.24,58.24,51.8,1.62M,-16.64%
03/13/2020,62.67,64.32,64.32,60.84,1.27M,-3.87%
03/12/2020,65.19,67.54,67.54,64.32,1.00M,-3.85%
03/11/2020,67.8,67.62,69.45,67.36,377.50K,1.04%
03/10/2020,67.1,68.67,68.67,65.63,687.87K,-3.15%
03/06/2020,69.28,70.49,70.49,68.84,1.74M,-1.60%
03/05/2020,70.41,73.45,73.45,69.97,2.19M,-4.14%
03/04/2020,73.45,75.19,75.19,73.36,147.98K,-1.52%
03/03/2020,74.58,74.75,76.84,74.23,227.70K,-0.23%
03/02/2020,74.75,74.75,77.1,73.88,149.45K,0.58%
02/28/2020,74.32,75.62,75.62,74.14,1.57M,-2.29%
02/27/2020,76.06,76.49,76.93,75.71,61.65K,0.58%
02/26/2020,75.62,77.36,77.36,75.53,137.94K,-2.25%
02/25/2020,77.36,78.23,78.23,76.49,61.67K,-0.90%
02/24/2020,78.06,78.23,79.1,77.79,217.58K,-0.22%
02/20/2020,78.23,77.36,79.53,77.36,1.36M,0.12%
02/19/2020,78.14,76.84,79.1,76.49,87.16K,2.04%
02/18/2020,76.58,75.88,76.93,74.49,139.11K,3.04%
02/17/2020,74.32,74.75,75.19,74.23,383.11K,0.00%
02/14/2020,74.32,76.06,76.49,73.54,1.03M,-1.95%
02/13/2020,75.8,77.36,77.36,75.62,199.56K,-1.90%
02/12/2020,77.27,78.14,78.14,77.1,189.07K,-3.38%
02/11/2020,79.97,80.84,80.84,79.88,2.63M,-0.53%
02/10/2020,80.4,81.71,81.71,80.4,791.45K,0.32%
02/07/2020,80.14,80.84,80.84,79.97,1.06M,0.00%
02/06/2020,80.14,82.4,82.4,79.97,741.49K,-0.87%
02/05/2020,80.84,80.84,80.84,80.75,71.02K,0.65%
02/03/2020,80.32,80.84,82.58,80.05,280.33K,0.44%
01/31/2020,79.97,79.88,80.84,79.79,871.38K,0.00%
01/30/2020,79.97,80.4,80.58,79.88,1.47M,0.00%
01/29/2020,79.97,80.4,80.84,79.97,4.33M,-1.08%
01/28/2020,80.84,80.4,80.84,80.23,177.76K,0.00%
01/27/2020,80.84,81.71,81.71,80.58,88.79K,-0.53%
01/24/2020,81.27,81.53,82.05,79.97,1.82M,0.00%
01/23/2020,81.27,80.84,81.53,80.75,147.13K,1.63%
01/22/2020,79.97,80.75,81.27,79.97,4.41M,0.00%
01/21/2020,79.97,78.4,80.84,78.23,540.32K,2.22%
01/20/2020,78.23,79.1,79.1,77.79,148.93K,0.12%
01/17/2020,78.14,79.97,79.97,77.36,328.25K,-2.29%
01/16/2020,79.97,79.97,79.97,79.53,21.86K,0.23%
01/14/2020,79.79,80.75,80.75,79.01,28.32K,1.10%
01/13/2020,78.92,80.49,81.62,78.66,220.82K,-2.16%
01/09/2020,80.66,79.97,81.71,79.97,130.37K,0.86%
01/08/2020,79.97,81.71,81.71,79.97,76.48K,-1.91%
01/07/2020,81.53,82.14,82.14,81.45,10.71K,-0.22%
01/06/2020,81.71,82.58,82.58,81.71,60.65K,-1.05%
01/03/2020,82.58,82.66,82.66,82.4,131.62K,0.00%
01/02/2020,82.58,83.44,83.44,82.31,244.25K,0.00%
12/31/2019,82.58,84.31,84.31,82.31,155.07K,-0.94%
12/30/2019,83.36,84.75,84.75,83.27,321.12K,-1.13%
12/27/2019,84.31,84.31,85.62,84.23,59.71K,0.09%
12/26/2019,84.23,83.88,85.7,83.88,8.91K,0.95%
12/24/2019,83.44,83.53,83.88,83.36,240.03K,0.00%
12/23/2019,83.44,84.23,84.23,83.36,70.49K,-0.63%
12/20/2019,83.97,84.75,84.75,83.88,38.49K,-0.40%
12/19/2019,84.31,84.31,85.18,84.23,25.10K,0.00%
12/18/2019,84.31,84.75,84.75,84.05,42.14K,0.00%
12/17/2019,84.31,83.88,84.75,83.79,247.26K,0.51%
12/16/2019,83.88,85.01,85.01,83.71,235.64K,0.00%
12/13/2019,83.88,83.88,85.1,83.88,396.48K,0.11%
12/12/2019,83.79,85.1,85.1,83.53,1.56M,-1.03%
12/10/2019,84.66,84.31,84.75,84.05,40.65K,0.42%
12/09/2019,84.31,85.18,85.18,83.88,299.21K,-1.02%
12/06/2019,85.18,85.1,85.18,85.01,207.09K,0.09%
12/05/2019,85.1,85.62,85.62,85.01,228.40K,-0.09%
12/04/2019,85.18,86.49,86.49,85.18,725.51K,-1.01%
12/03/2019,86.05,86.05,86.49,85.96,452.14K,0.20%
12/02/2019,85.88,87.01,87.01,85.18,254.84K,-1.30%
11/29/2019,87.01,88.57,88.66,86.66,780.70K,-0.89%
11/28/2019,87.79,88.66,89.09,87.36,3.11M,1.00%
11/27/2019,86.92,87.01,87.36,86.49,34.76K,-0.40%
11/26/2019,87.27,87.62,87.96,87.01,120.25K,-0.30%
11/25/2019,87.53,88.66,88.66,87.44,41.73K,-0.59%
11/22/2019,88.05,89.53,89.53,87.96,134.22K,-0.19%
11/21/2019,88.22,88.83,89.53,87.96,654.15K,-0.69%
11/20/2019,88.83,89.96,89.96,87.79,538.51K,-1.26%
11/19/2019,89.96,89.35,90.4,89.35,1.49M,1.66%
11/18/2019,88.49,87.01,89.35,87.01,3.14M,2.84%
11/15/2019,86.05,86.05,86.14,85.7,1.11M,0.00%
11/14/2019,86.05,86.05,86.75,85.62,176.73K,0.41%
11/13/2019,85.7,86.05,86.83,85.62,866.09K,-0.21%
11/08/2019,85.88,85.01,86.05,84.83,29.91K,1.65%
11/07/2019,84.49,85.18,85.18,84.31,21.37K,-0.31%
11/06/2019,84.75,85.18,86.05,84.75,58.50K,-0.41%
11/05/2019,85.1,86.05,86.05,85.01,116.46K,-1.00%
11/04/2019,85.96,86.05,86.05,85.79,298.67K,0.92%
11/01/2019,85.18,84.31,86.05,84.23,2.38M,1.13%
10/31/2019,84.23,84.31,84.31,84.05,479.25K,-0.09%
10/30/2019,84.31,84.31,84.31,83.44,75.70K,-0.82%
10/29/2019,85.01,85.18,85.18,85.01,49.09K,-0.20%
10/28/2019,85.18,86.05,86.05,85.01,201.41K,-0.51%
10/25/2019,85.62,86.05,86.05,85.44,66.76K,0.41%
10/24/2019,85.27,86.05,86.05,85.18,166.54K,-0.91%
10/23/2019,86.05,86.83,86.83,85.88,49.18K,0.00%
10/22/2019,86.05,86.92,86.92,85.88,351.63K,0.00%
10/21/2019,86.05,86.49,86.49,85.88,163.49K,0.10%
10/18/2019,85.96,85.62,86.05,85.62,140.36K,0.09%
10/17/2019,85.88,85.53,86.05,82.58,409.30K,0.82%
10/16/2019,85.18,86.05,86.05,85.01,188.33K,0.00%
10/15/2019,85.18,86.92,86.92,85.01,484.94K,-1.01%
10/14/2019,86.05,86.92,86.92,85.96,905.22K,0.00%
10/11/2019,86.05,86.92,86.92,85.88,403.93K,-0.10%
10/10/2019,86.14,86.92,86.92,85.96,1.94M,0.10%
10/09/2019,86.05,86.92,87.79,85.96,2.26M,-0.90%
10/08/2019,86.83,86.92,86.92,86.05,15.19K,0.91%
10/07/2019,86.05,87.01,87.01,85.62,179.77K,-0.10%
10/04/2019,86.14,85.62,86.75,85.62,4.91K,0.71%
10/03/2019,85.53,85.18,86.83,84.75,25.39K,0.41%
10/02/2019,85.18,86.92,86.92,85.1,5.77K,0.00%
10/01/2019,85.18,85.62,85.62,85.1,82.11K,-0.11%
09/30/2019,85.27,86.92,86.92,85.18,4.26K,-0.91%
09/27/2019,86.05,86.92,90.4,85.62,70.76K,0.10%
09/26/2019,85.96,85.18,86.05,85.1,53.43K,0.92%
09/25/2019,85.18,85.36,86.92,85.18,11.60K,-0.11%
09/24/2019,85.27,86.14,86.49,85.18,13.15K,-1.31%
09/23/2019,86.4,86.92,86.92,86.31,5.13K,-0.60%
09/20/2019,86.92,86.75,88.57,86.66,203.70K,0.00%
09/19/2019,86.92,88.66,88.66,86.75,514.31K,-1.86%
09/18/2019,88.57,88.66,89.09,88.49,10.36K,-0.10%
09/17/2019,88.66,89.53,89.53,88.57,41.43K,-0.97%
09/16/2019,89.53,90.48,90.48,89.53,23.45K,-0.48%
09/12/2019,89.96,91.27,91.27,89.53,7.07K,0.98%
09/11/2019,89.09,89.44,89.53,89.09,48.62K,0.19%
09/10/2019,88.92,89.44,89.44,88.66,73.66K,-0.29%
09/09/2019,89.18,90.14,90.31,88.83,56.77K,-1.07%
09/06/2019,90.14,91.44,91.44,89.53,226.33K,-2.17%
09/05/2019,92.14,92.57,92.92,92.05,256.36K,-0.46%
09/04/2019,92.57,93.01,93.01,92.57,5.04K,-0.47%
09/03/2019,93.01,93.53,93.87,92.57,96.53K,-0.56%
09/02/2019,93.53,93.87,93.87,93.44,9.64K,-0.09%
08/30/2019,93.61,94.05,94.66,93.53,203.66K,-0.28%
08/29/2019,93.87,94.31,94.31,93.01,20.94K,0.92%
08/28/2019,93.01,93.01,93.09,92.57,11.25K,0.00%
08/27/2019,93.01,91.7,93.44,91.7,192.95K,0.94%
08/26/2019,92.14,93.01,93.79,91.44,47.63K,0.00%
08/23/2019,92.14,92.14,93.01,91.44,40.05K,0.20%
08/22/2019,91.96,92.66,93.01,91.35,49.93K,-1.13%
08/21/2019,93.01,93.35,94.57,92.83,149.69K,0.86%
08/20/2019,92.22,91.53,93.79,91.53,465.35K,0.95%
08/19/2019,91.35,92.66,92.66,91.27,38.85K,-0.86%
08/16/2019,92.14,93.01,93.87,91.88,15.05K,0.00%
08/15/2019,92.14,93.87,94.31,91.79,692.94K,-2.84%
08/13/2019,94.83,97.35,97.35,93.09,143.43K,1.11%
08/09/2019,93.79,91.27,97.79,91.27,308.74K,2.67%
08/08/2019,91.35,93.01,93.01,91.27,60.14K,-1.78%
08/07/2019,93.01,90.4,93.01,90.05,16.21K,2.89%
08/06/2019,90.4,91.27,91.27,89.88,9.60K,-1.14%
08/05/2019,91.44,92.14,93.87,91.27,8.01K,0.29%
08/02/2019,91.18,93.01,93.01,87.88,504.01K,-1.50%
08/01/2019,92.57,96.48,96.48,91.7,56.69K,-3.01%
07/31/2019,95.44,95.61,97.35,94.74,381.07K,-1.08%
07/30/2019,96.48,98.39,99.96,95.18,387.99K,-1.86%
07/29/2019,98.31,95.18,99.09,95.18,454.06K,3.39%
07/26/2019,95.09,95.18,95.18,94.57,513.06K,0.37%
07/25/2019,94.74,90.83,96.48,90.57,270.18K,4.91%
07/24/2019,90.31,88.66,90.57,88.22,83.43K,2.46%
07/23/2019,88.14,87.36,88.57,86.92,57.18K,1.00%
07/22/2019,87.27,88.66,88.66,86.92,309.81K,-0.89%
07/19/2019,88.05,86.05,89.09,86.05,37.86K,2.84%
07/18/2019,85.62,84.75,86.05,84.31,58.73K,1.45%
07/17/2019,84.4,82.75,85.01,81.88,365.84K,3.08%
07/15/2019,81.88,81.79,82.75,81.71,75.28K,0.32%
07/12/2019,81.62,82.4,83.36,80.84,3.62K,-0.52%
07/11/2019,82.05,82.4,82.4,80.75,60.00K,1.28%
07/10/2019,81.01,82.58,82.58,80.84,240.13K,-1.48%
07/09/2019,82.23,83.01,83.01,81.97,330.73K,-0.94%
07/08/2019,83.01,84.31,84.49,82.75,87.48K,-1.45%
07/05/2019,84.23,84.14,85.01,82.58,27.13K,1.36%
07/04/2019,83.1,82.4,83.88,82.14,12.18K,0.96%
07/03/2019,82.31,81.71,82.4,81.01,9.69K,0.41%
07/02/2019,81.97,80.84,83.88,80.84,21.93K,1.40%
07/01/2019,80.84,80.84,81.71,80.4,113.69K,1.20%
06/28/2019,79.88,80.84,80.84,79.79,893.44K,-0.11%
06/27/2019,79.97,80.23,80.84,79.97,26.17K,0.55%
06/26/2019,79.53,80.4,80.4,79.45,11.65K,0.10%
06/25/2019,79.45,79.97,79.97,79.45,6.00K,-0.65%
06/24/2019,79.97,80.66,80.66,79.27,28.82K,-0.65%
06/21/2019,80.49,81.27,81.62,80.4,13.86K,-0.96%
06/20/2019,81.27,81.45,81.71,81.18,45.51K,-0.11%
06/19/2019,81.36,82.14,82.14,81.27,68.63K,-0.43%
06/18/2019,81.71,82.4,82.4,81.27,1.84M,0.54%
06/17/2019,81.27,82.4,82.4,80.84,24.23K,0.43%
06/14/2019,80.92,80.84,81.71,80.84,8.87K,-0.22%
06/13/2019,81.1,82.49,82.49,80.84,23.94K,-1.47%
06/12/2019,82.31,81.88,82.4,81.62,8.89K,0.96%
06/11/2019,81.53,80.4,81.62,80.05,7.44K,1.73%
06/10/2019,80.14,79.27,80.84,79.1,4.64K,0.77%
06/07/2019,79.53,79.1,79.53,78.32,6.27K,1.66%
06/06/2019,78.23,77.79,79.1,77.79,148.07K,0.00%
06/04/2019,78.23,78.66,79.1,78.23,237.22K,-1.10%
06/03/2019,79.1,79.79,79.79,78.66,12.77K,-0.65%
05/31/2019,79.62,80.4,80.4,79.19,4.13K,-0.87%
05/30/2019,80.32,80.4,80.4,80.23,296.51K,0.34%
05/29/2019,80.05,81.71,85.18,79.97,8.78K,0.21%
05/28/2019,79.88,78.75,79.97,78.75,3.09K,1.55%
05/27/2019,78.66,79.1,79.1,78.66,80.07K,0.43%
05/24/2019,78.32,78.66,79.1,78.23,15.89K,-0.43%
05/23/2019,78.66,78.66,78.66,78.23,30.80K,0.55%
05/22/2019,78.23,78.23,79.1,78.23,67.42K,0.00%
05/21/2019,78.23,78.23,78.23,77.45,141.18K,1.12%
05/17/2019,77.36,77.79,77.79,77.01,59.01K,0.12%
05/16/2019,77.27,77.71,77.71,77.1,18.80K,-0.67%
05/15/2019,77.79,78.14,78.23,77.27,32.96K,-0.45%
05/14/2019,78.14,78.23,78.32,77.62,688.45K,-0.12%
05/13/2019,78.23,78.23,80.32,78.23,9.45K,0.00%
05/10/2019,78.23,79.97,79.97,78.14,208.53K,0.00%
05/09/2019,78.23,79.97,79.97,78.14,526.93K,-0.87%
05/08/2019,78.92,79.1,79.1,78.66,18.83K,-0.77%
05/07/2019,79.53,79.1,80.32,79.1,27.65K,-0.44%
05/06/2019,79.88,80.75,80.75,79.1,157.11K,-0.76%
05/03/2019,80.49,79.79,80.84,79.79,110.45K,1.09%
05/02/2019,79.62,79.71,80.84,79.53,19.22K,-0.44%
04/30/2019,79.97,79.97,80.66,78.84,277.18K,0.65%
04/29/2019,79.45,79.97,79.97,78.75,283.65K,-0.54%
04/26/2019,79.88,80.58,80.75,79.88,38.81K,-1.08%
04/25/2019,80.75,81.71,81.71,80.66,1.34M,-0.11%
04/24/2019,80.84,80.84,81.62,80.49,22.44K,0.22%
04/23/2019,80.66,82.58,82.58,78.23,53.45K,-3.24%
04/18/2019,83.36,84.31,84.31,83.18,20.24K,-1.13%
04/17/2019,84.31,84.31,84.31,83.97,7.30K,0.00%
04/16/2019,84.31,85.18,85.18,83.53,40.71K,-0.72%
04/12/2019,84.92,85.18,85.18,84.66,73.52K,-0.31%
04/11/2019,85.18,86.05,86.05,85.18,24.10K,-0.41%
04/10/2019,85.53,86.05,86.05,85.53,169.25K,-0.50%
04/09/2019,85.96,86.75,86.75,85.62,42.79K,-0.91%
04/08/2019,86.75,86.83,86.83,86.49,3.28K,-0.20%
04/05/2019,86.92,86.92,86.92,86.66,2.73K,0.00%
04/04/2019,86.92,88.66,88.66,86.14,235.34K,0.00%
04/03/2019,86.92,89.53,89.53,86.92,476.65K,0.40%
04/02/2019,86.57,88.57,89.53,86.49,3.03K,-0.21%
04/01/2019,86.75,89.53,89.53,86.05,1.01K,1.12%
03/29/2019,85.79,86.05,86.92,85.62,32.34K,1.82%
03/28/2019,84.26,84.43,85.37,84,215.13K,0.00%
03/27/2019,84.26,84.69,84.69,84.26,200.74K,-0.51%
03/26/2019,84.69,83.83,84.69,83.83,4.10K,0.62%
03/25/2019,84.17,85.54,85.54,83.83,251.32K,-0.31%
03/22/2019,84.43,85.54,85.54,83.83,16.18K,0.20%
03/21/2019,84.26,84.69,84.69,84.26,43.18K,-0.51%
03/19/2019,84.69,85.97,85.97,84.09,158.12K,-0.99%
03/18/2019,85.54,84.69,85.54,84.69,870.23K,1.00%
03/15/2019,84.69,84.26,85.54,84.26,241.57K,0.00%
03/14/2019,84.69,82.98,85.54,82.98,101.74K,2.06%
03/13/2019,82.98,85.54,85.54,82.98,290.05K,-2.99%
03/12/2019,85.54,85.11,85.63,85.11,17.27K,-0.60%
03/11/2019,86.06,87.42,87.42,85.11,189.76K,-1.36%
03/08/2019,87.25,88.71,88.71,86.83,655.58K,-1.73%
03/07/2019,88.79,88.11,89.82,88.11,1.62K,0.77%
03/06/2019,88.11,88.54,88.62,87.94,51.53K,0.00%
03/05/2019,88.11,88.54,88.54,87.94,72.08K,0.00%
03/01/2019,88.11,90.67,90.67,87.85,67.67K,-2.27%
02/28/2019,90.16,91.53,91.53,89.82,407.45K,-1.40%
02/27/2019,91.44,92.3,92.39,91.1,11.98K,-0.93%
02/26/2019,92.3,91.7,92.39,91.1,14.20K,1.80%
02/25/2019,90.67,92.21,92.21,89.82,134.06K,-1.04%